gender,layer,utterance_count,mean_norm,std_norm
female,6,1574,2.8430715197226295,0.6256940445839526
male,6,1972,2.82295687330422,0.6024409452824875
