gender,layer,utterance_count,mean_norm,std_norm
female,6,3525,2.815877562888125,0.6274691675444766
male,6,3962,2.7930950758313964,0.5982545569760936
