layer,utterance_count,mean_norm,std_norm
0,3546,3.3989304908573863,0.8475189451912383
6,3546,2.831885371178607,0.6128657680110166
12,3546,5.809437487600082,1.030384972837815
