layer,utterance_count,mean_norm,std_norm
0,7487,3.360051142257063,0.8413738266761659
6,7487,2.8038214371076045,0.6122474837415585
12,7487,5.378374328692256,1.0817644691476016
