emotion_code,emotion_name,count,mean_f0_hz,std_f0_hz
02,Calm,48,161.58744225657517,60.54223221693778
03,Happy,48,325.1221925035997,138.82599014425725
04,Sad,46,282.7754822711879,154.02418113722186
05,Angry,48,365.12358260519045,137.110077422534
06,Fearful,48,389.2193919755485,162.7488153724508
07,Disgust,48,229.17291148301578,95.98971848966711
08,Surprised,47,289.0883267351875,120.19763538265474
